transaction_id,date,material_type,quantity_kg,agreed_price_per_kg,total_amount,status,co2_avoided_kg,landfill_diverted_kg
TX-10000,2026-03-14,Plastic,2781.0,35.9,99837.9,completed,4171.5,2641.95
TX-10001,2026-01-15,Other,1240.9,14.64,18166.78,completed,992.72,1178.86
TX-10002,2025-12-16,Textile,1486.4,30.05,44666.32,completed,4756.48,1412.08
TX-10003,2026-04-06,Cardboard,2971.0,13.97,41504.87,completed,2971.0,2822.45
TX-10004,2026-02-01,Cardboard,1578.7,13.53,21359.81,completed,1578.7,1499.76
TX-10005,2025-08-02,Paper,1640.7,11.61,19048.53,completed,1804.77,1558.66
TX-10006,2025-10-25,Other,1849.2,15.86,29328.31,completed,1479.36,1756.74
TX-10007,2026-01-25,Paper,872.6,12.14,10593.36,completed,959.86,828.97
TX-10008,2025-11-01,Glass,854.4,8.52,7279.49,completed,299.04,811.68
TX-10009,2025-07-03,Textile,229.7,27.63,6346.61,completed,735.04,218.21
TX-10010,2026-03-09,Steel,1452.0,46.24,67140.48,completed,2613.6,1379.4
TX-10011,2026-04-11,Copper,774.8,614.11,475812.43,completed,3486.6,736.06
TX-10012,2025-10-01,Aluminum,1374.1,171.66,235878.01,completed,12504.31,1305.39
TX-10013,2025-09-25,Aluminum,976.7,184.43,180132.78,completed,8887.97,927.87
TX-10014,2026-05-13,Copper,2717.0,670.78,1822509.26,completed,12226.5,2581.15
TX-10015,2026-02-09,Cardboard,1466.9,12.88,18893.67,completed,1466.9,1393.56
TX-10016,2025-06-16,Glass,363.6,8.28,3010.61,completed,127.26,345.42
TX-10017,2026-04-04,Plastic,1902.4,39.1,74383.84,completed,2853.6,1807.28
TX-10018,2026-04-10,E-waste,2794.5,134.4,375580.8,completed,16208.1,2654.78
TX-10019,2026-05-13,Paper,2439.2,12.99,31685.21,completed,2683.12,2317.24
TX-10020,2026-02-02,E-waste,247.8,120.08,29755.82,completed,1437.24,235.41
TX-10021,2026-02-26,E-waste,1262.9,120.09,151661.66,completed,7324.82,1199.76
TX-10022,2026-03-15,Plastic,1207.4,37.74,45567.28,completed,1811.1,1147.03
TX-10023,2025-09-10,Aluminum,470.1,194.38,91378.04,completed,4277.91,446.6
TX-10024,2026-02-20,Other,1293.1,13.88,17948.23,completed,1034.48,1228.44
TX-10025,2025-12-05,Textile,2437.0,27.31,66554.47,completed,7798.4,2315.15
TX-10026,2025-11-08,Aluminum,713.7,176.29,125818.17,pending,6494.67,678.01
TX-10027,2025-10-10,Plastic,2899.1,36.75,106541.93,completed,4348.65,2754.14
TX-10028,2025-07-26,Steel,1975.6,41.83,82639.35,completed,3556.08,1876.82
TX-10029,2026-04-30,Cardboard,142.6,13.09,1866.63,completed,142.6,135.47
TX-10030,2026-04-12,Cardboard,786.1,13.59,10683.1,completed,786.1,746.79
TX-10031,2025-06-05,Cardboard,2755.5,15.09,41580.5,completed,2755.5,2617.72
TX-10032,2025-11-29,Aluminum,776.0,179.47,139268.72,completed,7061.6,737.2
TX-10033,2025-12-22,Glass,1597.7,8.35,13340.8,completed,559.19,1517.82
TX-10034,2025-07-11,Aluminum,1823.3,197.16,359481.83,completed,16592.03,1732.13
TX-10035,2025-08-08,Glass,2428.1,7.38,17919.38,completed,849.83,2306.69
TX-10036,2025-11-08,Copper,1929.9,640.52,1236139.55,completed,8684.55,1833.4
TX-10037,2026-01-23,Steel,1298.3,42.14,54710.36,completed,2336.94,1233.38
TX-10038,2026-02-01,Steel,1374.7,46.34,63703.6,pending,2474.46,1305.96
TX-10039,2025-09-10,Other,2422.8,14.48,35082.14,completed,1938.24,2301.66
TX-10040,2026-04-12,Textile,966.6,26.63,25740.56,completed,3093.12,918.27
TX-10041,2025-10-10,Paper,2399.7,12.11,29060.37,pending,2639.67,2279.71
TX-10042,2025-12-30,Copper,2613.0,691.25,1806236.25,completed,11758.5,2482.35
TX-10043,2025-12-04,Other,206.5,15.04,3105.76,completed,165.2,196.17
TX-10044,2025-07-10,Plastic,1627.2,32.64,53111.81,completed,2440.8,1545.84
TX-10045,2025-10-04,E-waste,2021.7,125.72,254168.12,completed,11725.86,1920.62
TX-10046,2025-09-17,Steel,804.1,47.03,37816.82,completed,1447.38,763.89
TX-10047,2025-10-23,Glass,1317.0,7.46,9824.82,completed,460.95,1251.15
TX-10048,2025-09-21,Aluminum,2294.5,185.1,424711.95,completed,20879.95,2179.78
TX-10049,2026-01-19,Textile,2042.5,28.2,57598.5,completed,6536.0,1940.38
TX-10050,2025-07-09,Aluminum,2624.4,199.56,523725.26,completed,23882.04,2493.18
TX-10051,2025-08-28,Other,2130.8,15.33,32665.16,completed,1704.64,2024.26
TX-10052,2026-05-14,Paper,670.0,11.84,7932.8,completed,737.0,636.5
TX-10053,2025-09-01,Paper,1061.4,12.76,13543.46,completed,1167.54,1008.33
TX-10054,2026-02-28,Steel,2021.6,42.19,85291.3,completed,3638.88,1920.52
TX-10055,2026-02-10,Aluminum,2096.0,184.0,385664.0,completed,19073.6,1991.2
TX-10056,2026-02-15,Plastic,887.0,37.18,32978.66,completed,1330.5,842.65
TX-10057,2025-10-04,Copper,2230.0,631.45,1408133.5,completed,10035.0,2118.5
TX-10058,2026-04-13,Paper,310.2,13.13,4072.93,completed,341.22,294.69
TX-10059,2026-05-24,Glass,2637.0,8.78,23152.86,completed,922.95,2505.15
TX-10060,2025-06-27,Paper,2286.7,12.65,28926.75,completed,2515.37,2172.36
TX-10061,2025-12-31,Paper,2151.6,11.23,24162.47,completed,2366.76,2044.02
TX-10062,2025-06-12,Other,2002.5,15.73,31499.33,completed,1602.0,1902.38
TX-10063,2025-11-26,Other,2325.3,15.16,35251.55,completed,1860.24,2209.03
TX-10064,2025-11-16,Steel,753.3,38.65,29115.04,completed,1355.94,715.63
TX-10065,2025-10-18,Cardboard,1166.8,13.52,15775.14,completed,1166.8,1108.46
TX-10066,2025-10-17,Paper,2681.5,12.86,34484.09,completed,2949.65,2547.42
TX-10067,2025-10-09,Glass,2034.6,7.46,15178.12,in_negotiation,712.11,1932.87
TX-10068,2025-07-26,Plastic,1746.2,38.74,67647.79,completed,2619.3,1658.89
TX-10069,2026-03-14,E-waste,1514.7,110.76,167768.17,completed,8785.26,1438.96
TX-10070,2026-03-25,Plastic,129.6,32.47,4208.11,completed,194.4,123.12
TX-10071,2025-09-04,Plastic,2250.7,33.31,74970.82,completed,3376.05,2138.16
TX-10072,2025-11-17,Aluminum,2060.0,193.28,398156.8,completed,18746.0,1957.0
TX-10073,2025-12-13,Glass,2465.9,8.78,21650.6,completed,863.06,2342.61
TX-10074,2025-12-08,E-waste,1184.5,118.68,140576.46,completed,6870.1,1125.27
TX-10075,2026-05-21,Cardboard,697.9,15.64,10915.16,completed,697.9,663.0
TX-10076,2026-04-05,Plastic,1762.3,34.22,60305.91,completed,2643.45,1674.18
TX-10077,2026-05-16,Other,1085.8,16.71,18143.72,completed,868.64,1031.51
TX-10078,2026-01-14,Glass,1663.5,8.21,13657.34,completed,582.22,1580.32
TX-10079,2025-06-08,Cardboard,2052.6,14.46,29680.6,completed,2052.6,1949.97
TX-10080,2025-10-03,Cardboard,1831.8,14.33,26249.69,completed,1831.8,1740.21
TX-10081,2026-03-15,Copper,1827.4,654.18,1195448.53,completed,8223.3,1736.03
TX-10082,2026-05-15,Other,1591.8,15.01,23892.92,completed,1273.44,1512.21
TX-10083,2026-01-17,Aluminum,2273.4,177.89,404415.13,completed,20687.94,2159.73
TX-10084,2026-05-14,Glass,2252.0,8.38,18871.76,completed,788.2,2139.4
TX-10085,2025-08-20,Plastic,1370.2,38.78,53136.36,completed,2055.3,1301.69
TX-10086,2026-01-15,Cardboard,1102.2,14.15,15596.13,completed,1102.2,1047.09
TX-10087,2026-03-10,Other,2618.5,15.79,41346.11,completed,2094.8,2487.57
TX-10088,2026-05-06,Glass,2723.5,7.43,20235.6,completed,953.22,2587.32
TX-10089,2025-06-25,Other,2665.7,16.74,44623.82,completed,2132.56,2532.41
TX-10090,2026-04-20,Aluminum,1226.8,174.95,214628.66,completed,11163.88,1165.46
TX-10091,2026-02-09,E-waste,610.9,114.43,69905.29,completed,3543.22,580.35
TX-10092,2025-10-16,Paper,88.4,12.19,1077.6,completed,97.24,83.98
TX-10093,2026-02-03,Other,288.1,15.42,4442.5,completed,230.48,273.69
TX-10094,2025-08-01,Aluminum,249.3,167.69,41805.12,completed,2268.63,236.84
TX-10095,2026-02-06,Textile,2733.9,29.18,79775.2,pending,8748.48,2597.2
TX-10096,2025-12-20,Copper,1874.2,679.93,1274324.81,completed,8433.9,1780.49
TX-10097,2025-07-13,Textile,2937.5,30.11,88448.12,completed,9400.0,2790.62
TX-10098,2025-10-19,Textile,1476.1,31.31,46216.69,completed,4723.52,1402.29
TX-10099,2025-09-21,Other,1072.4,15.13,16225.41,completed,857.92,1018.78
TX-10100,2026-05-25,Steel,2136.4,43.21,92313.84,completed,3845.52,2029.58
TX-10101,2025-06-06,Plastic,1971.7,32.73,64533.74,completed,2957.55,1873.12
TX-10102,2025-09-22,Cardboard,576.5,13.81,7961.47,in_negotiation,576.5,547.67
TX-10103,2025-07-01,Aluminum,2525.4,183.32,462956.33,completed,22981.14,2399.13
TX-10104,2025-12-11,Textile,2148.5,27.26,58568.11,completed,6875.2,2041.07
TX-10105,2025-12-11,Cardboard,121.4,13.71,1664.39,completed,121.4,115.33
TX-10106,2025-07-20,Plastic,1223.6,33.18,40599.05,completed,1835.4,1162.42
TX-10107,2025-12-13,Paper,2518.5,11.65,29340.53,completed,2770.35,2392.57
TX-10108,2025-06-20,Copper,1173.3,700.79,822236.91,completed,5279.85,1114.63
TX-10109,2026-04-26,E-waste,748.8,132.19,98983.87,completed,4343.04,711.36
TX-10110,2025-08-24,Other,263.6,14.17,3735.21,completed,210.88,250.42
TX-10111,2026-01-22,Aluminum,524.8,187.49,98394.75,completed,4775.68,498.56
TX-10112,2026-01-28,Paper,1880.9,13.31,25034.78,completed,2068.99,1786.86
TX-10113,2025-07-24,Aluminum,1983.1,182.02,360963.86,completed,18046.21,1883.94
TX-10114,2025-10-17,Textile,1421.6,30.63,43543.61,completed,4549.12,1350.52
TX-10115,2026-03-04,Glass,1907.9,8.09,15434.91,completed,667.76,1812.51
TX-10116,2025-06-11,Other,2664.9,16.22,43224.68,completed,2131.92,2531.65
TX-10117,2025-11-11,E-waste,1918.0,128.41,246290.38,completed,11124.4,1822.1
TX-10118,2026-04-05,E-waste,2932.6,130.4,382411.04,completed,17009.08,2785.97
TX-10119,2026-04-13,Other,2162.6,15.55,33628.43,completed,1730.08,2054.47
TX-10120,2026-02-26,E-waste,882.9,127.59,112649.21,completed,5120.82,838.75
TX-10121,2025-09-20,Steel,2324.2,43.16,100312.47,completed,4183.56,2207.99
TX-10122,2025-09-08,Plastic,830.5,33.68,27971.24,completed,1245.75,788.97
TX-10123,2025-08-29,Cardboard,126.8,14.18,1798.02,completed,126.8,120.46
TX-10124,2025-08-18,Aluminum,1208.3,193.29,233552.31,completed,10995.53,1147.88
TX-10125,2026-01-15,Paper,1074.3,12.99,13955.16,completed,1181.73,1020.58
TX-10126,2025-10-27,Textile,2380.2,26.26,62504.05,completed,7616.64,2261.19
TX-10127,2025-08-11,Cardboard,1057.4,13.17,13925.96,completed,1057.4,1004.53
TX-10128,2026-04-21,Steel,646.9,40.26,26044.19,completed,1164.42,614.55
TX-10129,2025-08-23,Cardboard,314.7,15.12,4758.26,completed,314.7,298.96
TX-10130,2025-09-24,Textile,2071.2,30.61,63399.43,completed,6627.84,1967.64
TX-10131,2025-10-11,Aluminum,1682.5,200.64,337576.8,completed,15310.75,1598.38
TX-10132,2026-03-02,Aluminum,2672.6,184.16,492186.02,completed,24320.66,2538.97
TX-10133,2025-07-25,Copper,540.5,645.75,349027.88,completed,2432.25,513.48
TX-10134,2026-05-26,Paper,2645.2,11.18,29573.34,in_negotiation,2909.72,2512.94
TX-10135,2026-02-03,E-waste,424.3,112.8,47861.04,completed,2460.94,403.08
TX-10136,2026-02-20,Textile,361.8,28.92,10463.26,completed,1157.76,343.71
TX-10137,2025-12-30,E-waste,2705.9,133.78,361995.3,completed,15694.22,2570.61
TX-10138,2025-07-14,Steel,1034.8,46.47,48087.16,completed,1862.64,983.06
TX-10139,2025-07-29,E-waste,264.4,121.25,32058.5,completed,1533.52,251.18
TX-10140,2026-03-01,Textile,1260.7,29.37,37026.76,completed,4034.24,1197.66
TX-10141,2025-07-22,Paper,907.9,13.17,11957.04,completed,998.69,862.5
TX-10142,2025-11-07,Other,1311.8,15.51,20346.02,completed,1049.44,1246.21
TX-10143,2025-10-28,E-waste,2932.2,118.63,347846.89,completed,17006.76,2785.59
TX-10144,2025-12-12,E-waste,1638.2,130.43,213670.43,completed,9501.56,1556.29
TX-10145,2026-02-02,E-waste,2443.2,115.71,282702.67,completed,14170.56,2321.04
TX-10146,2025-07-16,Glass,1194.7,8.8,10513.36,completed,418.14,1134.96
TX-10147,2026-05-09,Steel,1969.9,44.16,86990.78,completed,3545.82,1871.4
TX-10148,2025-07-22,Aluminum,831.9,191.68,159458.59,completed,7570.29,790.3
TX-10149,2026-05-31,Glass,1957.1,7.46,14599.97,completed,684.98,1859.24
TX-10150,2025-11-27,Copper,1950.2,697.79,1360830.06,completed,8775.9,1852.69
TX-10151,2026-05-08,Textile,1912.0,27.01,51643.12,completed,6118.4,1816.4
TX-10152,2026-02-05,Paper,2737.1,11.4,31202.94,completed,3010.81,2600.24
TX-10153,2025-07-09,Textile,2121.0,27.78,58921.38,pending,6787.2,2014.95
TX-10154,2026-05-28,Other,1066.5,15.85,16904.02,completed,853.2,1013.17
TX-10155,2026-02-14,Plastic,2332.0,32.84,76582.88,completed,3498.0,2215.4
TX-10156,2026-05-16,Other,2918.3,16.5,48151.95,completed,2334.64,2772.39
TX-10157,2026-03-08,Steel,2218.6,42.91,95200.13,completed,3993.48,2107.67
TX-10158,2025-12-21,Textile,208.0,30.4,6323.2,completed,665.6,197.6
TX-10159,2026-03-22,Aluminum,1628.7,178.25,290315.78,completed,14821.17,1547.26
TX-10160,2025-09-19,Cardboard,826.0,13.44,11101.44,completed,826.0,784.7
TX-10161,2025-12-26,Plastic,786.6,35.25,27727.65,completed,1179.9,747.27
TX-10162,2026-02-11,Cardboard,1356.6,14.64,19860.62,completed,1356.6,1288.77
TX-10163,2025-10-24,Plastic,1487.4,34.26,50958.32,completed,2231.1,1413.03
TX-10164,2026-05-27,Copper,1302.0,648.39,844203.78,completed,5859.0,1236.9
TX-10165,2026-02-07,Cardboard,2248.3,13.56,30486.95,completed,2248.3,2135.89
TX-10166,2026-02-11,Paper,939.2,12.49,11730.61,completed,1033.12,892.24
TX-10167,2026-02-26,Textile,747.0,27.45,20505.15,completed,2390.4,709.65
TX-10168,2026-04-23,Other,558.1,16.35,9124.94,completed,446.48,530.2
TX-10169,2026-03-14,Steel,2143.2,38.98,83541.94,completed,3857.76,2036.04
TX-10170,2026-02-25,Paper,2379.4,11.95,28433.83,completed,2617.34,2260.43
TX-10171,2025-09-23,Plastic,351.1,38.67,13577.04,completed,526.65,333.55
TX-10172,2025-08-06,Copper,2027.7,721.63,1463249.15,completed,9124.65,1926.32
TX-10173,2025-12-19,E-waste,2949.3,115.75,341381.48,completed,17105.94,2801.84
TX-10174,2026-04-15,Copper,1354.9,710.73,962968.08,completed,6097.05,1287.15
TX-10175,2026-01-04,E-waste,1056.2,114.77,121220.07,completed,6125.96,1003.39
TX-10176,2025-12-23,Paper,2542.2,12.0,30506.4,completed,2796.42,2415.09
TX-10177,2025-12-29,Copper,1798.5,606.65,1091060.02,completed,8093.25,1708.57
TX-10178,2025-07-24,E-waste,780.2,126.9,99007.38,completed,4525.16,741.19
TX-10179,2025-10-31,Cardboard,1016.7,14.68,14925.16,completed,1016.7,965.87
TX-10180,2025-06-04,Glass,1895.6,7.93,15032.11,completed,663.46,1800.82
TX-10181,2026-05-16,Paper,1030.9,12.3,12680.07,completed,1133.99,979.36
TX-10182,2026-01-01,Textile,971.6,28.33,27525.43,completed,3109.12,923.02
TX-10183,2026-03-07,Plastic,2016.1,33.03,66591.78,completed,3024.15,1915.29
TX-10184,2026-02-09,Aluminum,1630.5,174.06,283804.83,completed,14837.55,1548.97
TX-10185,2026-03-04,Paper,570.6,13.24,7554.74,completed,627.66,542.07
TX-10186,2025-12-03,Paper,424.1,13.02,5521.78,completed,466.51,402.89
TX-10187,2026-03-02,Cardboard,400.2,15.32,6131.06,completed,400.2,380.19
TX-10188,2025-10-06,Glass,962.2,8.14,7832.31,completed,336.77,914.09
TX-10189,2025-11-07,Glass,1251.8,8.65,10828.07,completed,438.13,1189.21
TX-10190,2026-05-02,Other,372.2,15.76,5865.87,completed,297.76,353.59
TX-10191,2025-09-22,E-waste,1726.1,126.25,217920.12,completed,10011.38,1639.79
TX-10192,2026-03-23,Steel,1544.0,44.12,68121.28,completed,2779.2,1466.8
TX-10193,2026-02-22,Glass,788.7,8.26,6514.66,completed,276.05,749.26
TX-10194,2026-05-12,Aluminum,342.2,182.11,62318.04,completed,3114.02,325.09
TX-10195,2026-02-06,E-waste,2107.1,132.35,278874.68,completed,12221.18,2001.74
TX-10196,2025-11-21,Cardboard,624.2,15.21,9494.08,completed,624.2,592.99
TX-10197,2025-07-20,Other,2059.4,14.65,30170.21,completed,1647.52,1956.43
TX-10198,2025-06-08,Paper,2740.8,11.04,30258.43,completed,3014.88,2603.76
TX-10199,2026-04-01,Cardboard,2214.2,13.35,29559.57,completed,2214.2,2103.49
TX-10200,2025-10-12,Textile,2492.9,29.15,72668.04,completed,7977.28,2368.26
TX-10201,2026-03-12,Glass,2259.1,7.41,16739.93,completed,790.68,2146.14
TX-10202,2026-01-24,Plastic,1291.3,34.45,44485.29,completed,1936.95,1226.73
TX-10203,2026-03-12,Glass,1385.4,7.57,10487.48,completed,484.89,1316.13
TX-10204,2025-09-30,Steel,1672.9,41.87,70044.32,completed,3011.22,1589.26
TX-10205,2025-06-23,Textile,2963.3,28.86,85520.84,completed,9482.56,2815.14
TX-10206,2025-06-14,Cardboard,2023.9,13.22,26755.96,completed,2023.9,1922.7
TX-10207,2026-02-17,Cardboard,89.8,14.84,1332.63,completed,89.8,85.31
TX-10208,2025-09-08,Glass,1395.4,7.61,10618.99,pending,488.39,1325.63
TX-10209,2026-02-01,Cardboard,1907.4,15.08,28763.59,completed,1907.4,1812.03
TX-10210,2025-06-27,Steel,2729.6,47.03,128373.09,completed,4913.28,2593.12
TX-10211,2025-07-02,Copper,2955.9,668.51,1976048.71,completed,13301.55,2808.11
TX-10212,2026-03-20,Textile,2226.9,31.02,69078.44,completed,7126.08,2115.55
TX-10213,2026-01-26,Other,1166.5,15.74,18360.71,completed,933.2,1108.17
TX-10214,2025-10-16,Glass,253.8,8.72,2213.14,completed,88.83,241.11
TX-10215,2026-03-15,Other,225.6,13.81,3115.54,completed,180.48,214.32
TX-10216,2026-01-19,Steel,2214.9,43.85,97123.37,completed,3986.82,2104.16
TX-10217,2025-11-05,Other,2554.2,16.6,42399.72,completed,2043.36,2426.49
TX-10218,2025-09-19,Textile,1029.8,30.07,30966.09,completed,3295.36,978.31
TX-10219,2025-08-25,Other,2125.3,14.97,31815.74,completed,1700.24,2019.04
TX-10220,2026-02-05,Cardboard,1952.4,13.63,26611.21,completed,1952.4,1854.78
TX-10221,2025-07-16,Other,206.4,14.22,2935.01,completed,165.12,196.08
TX-10222,2025-10-01,Plastic,1110.4,38.14,42350.66,completed,1665.6,1054.88
TX-10223,2025-08-16,E-waste,2682.1,125.99,337917.78,completed,15556.18,2547.99
TX-10224,2026-04-28,Plastic,1571.1,36.46,57282.31,completed,2356.65,1492.54
TX-10225,2026-05-06,Copper,1819.6,643.52,1170948.99,pending,8188.2,1728.62
TX-10226,2026-02-05,Cardboard,1128.8,12.93,14595.38,completed,1128.8,1072.36
TX-10227,2025-12-27,Other,304.6,15.96,4861.42,completed,243.68,289.37
TX-10228,2026-05-13,Aluminum,2581.9,199.26,514469.39,completed,23495.29,2452.8
TX-10229,2026-01-26,Textile,1720.6,29.27,50361.96,completed,5505.92,1634.57
TX-10230,2025-09-04,Aluminum,1419.4,193.71,274951.97,completed,12916.54,1348.43
TX-10231,2025-10-19,Copper,1018.5,632.22,643916.07,completed,4583.25,967.57
TX-10232,2026-03-15,Copper,2859.5,722.59,2066246.1,completed,12867.75,2716.53
TX-10233,2026-02-18,Steel,874.7,45.22,39553.93,completed,1574.46,830.97
TX-10234,2025-10-17,E-waste,1781.4,111.43,198501.4,completed,10332.12,1692.33
TX-10235,2026-01-02,Steel,592.4,46.3,27428.12,completed,1066.32,562.78
TX-10236,2025-11-25,Textile,2218.3,30.47,67591.6,in_negotiation,7098.56,2107.39
TX-10237,2026-05-03,E-waste,596.9,110.91,66202.18,completed,3462.02,567.05
TX-10238,2025-11-30,Aluminum,1397.7,166.34,232493.42,completed,12719.07,1327.82
TX-10239,2025-10-25,E-waste,2599.0,133.55,347096.45,completed,15074.2,2469.05
TX-10240,2026-01-15,Glass,998.5,7.59,7578.61,completed,349.47,948.57
TX-10241,2025-11-17,Steel,1064.3,45.52,48446.94,completed,1915.74,1011.08
TX-10242,2026-04-22,Glass,1293.9,7.4,9574.86,completed,452.87,1229.2
TX-10243,2026-01-04,Paper,2463.0,12.79,31501.77,completed,2709.3,2339.85
TX-10244,2026-05-22,Glass,1977.3,7.54,14908.84,completed,692.05,1878.43
TX-10245,2025-08-18,Textile,855.9,26.81,22946.68,completed,2738.88,813.1
TX-10246,2026-02-03,Paper,2051.2,11.05,22665.76,pending,2256.32,1948.64
TX-10247,2025-07-30,Glass,1737.9,7.42,12895.22,completed,608.26,1651.01
TX-10248,2025-08-11,E-waste,959.4,116.86,112115.48,completed,5564.52,911.43
TX-10249,2025-12-02,Other,2436.0,15.22,37075.92,completed,1948.8,2314.2
TX-10250,2025-10-26,Steel,1621.3,42.71,69245.72,completed,2918.34,1540.23
TX-10251,2025-06-28,Plastic,2834.6,35.92,101818.83,completed,4251.9,2692.87
TX-10252,2026-05-09,Steel,1633.0,38.89,63507.37,completed,2939.4,1551.35
TX-10253,2025-06-19,Aluminum,2162.5,195.46,422682.25,completed,19678.75,2054.38
TX-10254,2025-11-05,E-waste,1901.3,126.6,240704.58,completed,11027.54,1806.23
TX-10255,2025-08-08,Paper,184.4,11.41,2104.0,completed,202.84,175.18
TX-10256,2026-03-16,Glass,1456.4,7.91,11520.12,completed,509.74,1383.58
TX-10257,2026-03-12,Textile,2335.2,29.97,69985.94,completed,7472.64,2218.44
TX-10258,2025-12-11,E-waste,1065.5,121.18,129117.29,completed,6179.9,1012.22
TX-10259,2025-08-11,Glass,1029.0,8.02,8252.58,completed,360.15,977.55
TX-10260,2026-03-04,Textile,1112.3,29.82,33168.79,completed,3559.36,1056.68
TX-10261,2025-10-15,Textile,2958.0,28.57,84510.06,completed,9465.6,2810.1
TX-10262,2025-11-06,Textile,2630.6,28.62,75287.77,completed,8417.92,2499.07
TX-10263,2025-06-27,Aluminum,208.6,177.96,37122.46,completed,1898.26,198.17
TX-10264,2025-11-22,Paper,2553.1,11.61,29641.49,completed,2808.41,2425.44
TX-10265,2025-11-26,Cardboard,451.9,13.62,6154.88,completed,451.9,429.3
TX-10266,2025-10-25,Cardboard,899.1,12.9,11598.39,completed,899.1,854.14
TX-10267,2025-12-08,Paper,153.9,12.64,1945.3,completed,169.29,146.21
TX-10268,2026-02-02,Plastic,169.1,36.42,6158.62,completed,253.65,160.64
TX-10269,2025-07-04,Copper,1591.6,674.77,1073963.93,completed,7162.2,1512.02
TX-10270,2026-03-01,Plastic,1952.6,38.19,74569.79,completed,2928.9,1854.97
TX-10271,2025-11-26,Other,1010.8,14.64,14798.11,completed,808.64,960.26
TX-10272,2025-07-23,Cardboard,2012.3,13.57,27306.91,completed,2012.3,1911.68
TX-10273,2025-10-26,Steel,275.8,44.25,12204.15,completed,496.44,262.01
TX-10274,2025-07-15,E-waste,288.9,110.54,31935.01,completed,1675.62,274.45
TX-10275,2026-01-13,Textile,2106.6,28.34,59701.04,completed,6741.12,2001.27
TX-10276,2025-12-12,Plastic,202.2,34.05,6884.91,completed,303.3,192.09
TX-10277,2026-03-31,Aluminum,1583.3,187.33,296599.59,completed,14408.03,1504.13
TX-10278,2025-09-23,Paper,2069.1,12.42,25698.22,completed,2276.01,1965.64
TX-10279,2026-04-06,Paper,656.2,12.57,8248.43,completed,721.82,623.39
TX-10280,2026-05-23,Textile,2848.1,28.75,81882.88,completed,9113.92,2705.69
TX-10281,2025-12-31,Cardboard,290.4,14.65,4254.36,completed,290.4,275.88
TX-10282,2026-05-07,Cardboard,1467.5,14.17,20794.47,completed,1467.5,1394.12
TX-10283,2026-02-24,Glass,2038.0,8.22,16752.36,completed,713.3,1936.1
TX-10284,2025-12-30,Other,1921.7,14.29,27461.09,completed,1537.36,1825.62
TX-10285,2026-03-16,E-waste,2221.4,125.76,279363.26,completed,12884.12,2110.33
TX-10286,2025-09-08,Glass,2006.6,7.57,15189.96,completed,702.31,1906.27
TX-10287,2025-11-11,Glass,2105.9,8.14,17142.03,completed,737.06,2000.61
TX-10288,2025-11-02,Cardboard,2783.0,14.62,40687.46,completed,2783.0,2643.85
TX-10289,2026-01-03,E-waste,1741.0,119.38,207840.58,completed,10097.8,1653.95
TX-10290,2026-04-24,Copper,553.2,665.06,367911.19,completed,2489.4,525.54
TX-10291,2026-02-21,E-waste,763.2,131.2,100131.84,completed,4426.56,725.04
TX-10292,2026-05-22,Cardboard,2084.9,13.86,28896.71,completed,2084.9,1980.65
TX-10293,2025-08-27,Copper,2222.9,697.44,1550339.38,in_negotiation,10003.05,2111.76
TX-10294,2026-03-26,Glass,2164.6,7.68,16624.13,completed,757.61,2056.37
TX-10295,2025-06-29,Cardboard,2895.6,13.39,38772.08,completed,2895.6,2750.82
TX-10296,2025-07-10,E-waste,2755.3,128.78,354827.53,in_negotiation,15980.74,2617.53
TX-10297,2025-10-17,E-waste,2325.8,118.39,275351.46,completed,13489.64,2209.51
TX-10298,2026-04-02,Paper,420.4,13.01,5469.4,completed,462.44,399.38
TX-10299,2026-05-25,E-waste,211.4,115.33,24380.76,completed,1226.12,200.83
TX-10300,2025-08-06,Aluminum,1597.8,168.27,268861.81,pending,14539.98,1517.91
TX-10301,2026-04-20,Aluminum,2566.8,179.56,460894.61,completed,23357.88,2438.46
TX-10302,2025-09-15,Paper,662.5,12.67,8393.88,completed,728.75,629.38
TX-10303,2025-09-15,Textile,774.6,27.81,21541.63,completed,2478.72,735.87
TX-10304,2026-04-23,Textile,578.7,30.27,17517.25,completed,1851.84,549.76
TX-10305,2025-06-20,E-waste,2444.0,118.34,289222.96,completed,14175.2,2321.8
TX-10306,2025-10-16,Copper,2050.1,722.35,1480889.73,completed,9225.45,1947.59
TX-10307,2025-07-19,Glass,1450.8,8.4,12186.72,completed,507.78,1378.26
TX-10308,2025-12-05,Cardboard,178.5,14.92,2663.22,completed,178.5,169.57
TX-10309,2026-03-02,Paper,1122.8,11.97,13439.92,completed,1235.08,1066.66
TX-10310,2025-10-04,Steel,1034.7,44.14,45671.66,completed,1862.46,982.97
TX-10311,2025-10-10,Steel,154.8,41.32,6396.34,completed,278.64,147.06
TX-10312,2025-09-30,Glass,184.1,8.01,1474.64,completed,64.43,174.89
TX-10313,2025-09-24,Copper,1857.8,598.55,1111986.19,completed,8360.1,1764.91
TX-10314,2026-04-06,Cardboard,448.9,13.9,6239.71,completed,448.9,426.45
TX-10315,2025-10-16,Plastic,201.9,35.64,7195.72,completed,302.85,191.81
TX-10316,2026-03-15,Textile,2394.4,31.25,74825.0,completed,7662.08,2274.68
TX-10317,2025-11-19,Plastic,1129.7,34.7,39200.59,completed,1694.55,1073.21
TX-10318,2026-03-30,Glass,1686.7,8.2,13830.94,completed,590.35,1602.37
TX-10319,2025-09-16,Paper,1856.9,12.91,23972.58,completed,2042.59,1764.06
TX-10320,2026-03-24,Textile,1703.6,26.01,44310.64,completed,5451.52,1618.42
TX-10321,2026-02-06,Glass,2148.7,7.69,16523.5,completed,752.04,2041.26
TX-10322,2026-02-24,Plastic,59.7,36.57,2183.23,completed,89.55,56.72
TX-10323,2025-12-25,Steel,1907.5,38.65,73724.88,completed,3433.5,1812.12
TX-10324,2025-11-03,Aluminum,793.0,197.44,156569.92,completed,7216.3,753.35
TX-10325,2026-01-19,Copper,2431.5,600.02,1458948.63,completed,10941.75,2309.92
TX-10326,2025-11-25,Textile,2356.2,28.65,67505.13,completed,7539.84,2238.39
TX-10327,2026-04-27,Aluminum,1223.3,184.86,226139.24,completed,11132.03,1162.13
TX-10328,2026-02-10,Other,2602.8,16.05,41774.94,completed,2082.24,2472.66
TX-10329,2025-09-12,Steel,549.3,40.17,22065.38,completed,988.74,521.83
TX-10330,2025-07-02,Aluminum,1227.9,190.45,233853.55,completed,11173.89,1166.51
TX-10331,2026-01-06,Aluminum,2565.1,182.5,468130.75,completed,23342.41,2436.84
TX-10332,2025-12-13,Plastic,2288.5,34.58,79136.33,completed,3432.75,2174.07
TX-10333,2025-11-02,Copper,2947.0,617.11,1818623.17,completed,13261.5,2799.65
TX-10334,2026-03-08,Steel,1223.8,39.76,48658.29,completed,2202.84,1162.61
TX-10335,2026-03-11,Steel,1262.9,45.83,57878.71,pending,2273.22,1199.76
TX-10336,2025-10-17,Copper,55.8,698.29,38964.58,completed,251.1,53.01
TX-10337,2025-10-31,Glass,452.3,7.78,3518.89,completed,158.31,429.69
TX-10338,2025-10-26,Steel,757.6,39.89,30220.66,completed,1363.68,719.72
TX-10339,2025-06-08,Aluminum,130.3,172.46,22471.54,completed,1185.73,123.79
TX-10340,2025-08-27,Other,1656.5,15.82,26205.83,completed,1325.2,1573.67
TX-10341,2025-11-18,Plastic,231.0,36.3,8385.3,completed,346.5,219.45
TX-10342,2026-06-01,Copper,2799.5,641.63,1796243.19,completed,12597.75,2659.53
TX-10343,2025-11-13,Other,2920.9,14.15,41330.74,completed,2336.72,2774.86
TX-10344,2025-09-03,Textile,1785.7,30.77,54945.99,completed,5714.24,1696.41
TX-10345,2025-12-26,Paper,2219.0,12.96,28758.24,completed,2440.9,2108.05
TX-10346,2026-04-02,Cardboard,2611.2,14.16,36974.59,completed,2611.2,2480.64
TX-10347,2025-12-10,Plastic,253.9,34.13,8665.61,completed,380.85,241.2
TX-10348,2026-04-25,Aluminum,1421.6,187.11,265995.58,completed,12936.56,1350.52
TX-10349,2025-12-10,Plastic,211.5,35.6,7529.4,completed,317.25,200.92
TX-10350,2025-11-19,Copper,1298.1,707.14,917938.43,completed,5841.45,1233.19
TX-10351,2026-02-06,Copper,2250.4,716.84,1613176.74,completed,10126.8,2137.88
TX-10352,2026-03-28,Steel,479.5,41.34,19822.53,completed,863.1,455.52
TX-10353,2026-03-20,Cardboard,1438.5,14.14,20340.39,completed,1438.5,1366.58
TX-10354,2025-09-02,Cardboard,2089.1,13.42,28035.72,completed,2089.1,1984.64
TX-10355,2025-10-22,Copper,1324.9,675.22,894598.98,completed,5962.05,1258.65
TX-10356,2026-02-27,Steel,2569.7,40.29,103533.21,completed,4625.46,2441.21
TX-10357,2025-09-09,Copper,1525.3,718.61,1096095.83,completed,6863.85,1449.03
TX-10358,2025-09-20,Steel,1046.7,46.99,49184.43,completed,1884.06,994.37
TX-10359,2026-05-15,E-waste,130.8,124.34,16263.67,completed,758.64,124.26
TX-10360,2026-05-18,Aluminum,332.9,175.6,58457.24,completed,3029.39,316.25
TX-10361,2025-11-21,Paper,2777.1,11.49,31908.88,in_negotiation,3054.81,2638.24
TX-10362,2025-12-07,Paper,1194.2,12.66,15118.57,completed,1313.62,1134.49
TX-10363,2025-09-21,Other,1747.1,14.48,25298.01,completed,1397.68,1659.74
TX-10364,2025-06-18,Glass,874.6,8.81,7705.23,completed,306.11,830.87
TX-10365,2026-05-21,Other,608.1,15.73,9565.41,completed,486.48,577.7
TX-10366,2025-11-28,Copper,2773.3,709.68,1968155.54,completed,12479.85,2634.64
TX-10367,2025-09-15,Plastic,2161.3,35.33,76358.73,completed,3241.95,2053.24
TX-10368,2025-12-04,Other,2373.9,14.04,33329.56,completed,1899.12,2255.2
TX-10369,2025-06-12,Other,1054.0,16.09,16958.86,completed,843.2,1001.3
TX-10370,2025-11-22,Paper,1706.1,11.91,20319.65,completed,1876.71,1620.79
TX-10371,2026-05-25,Cardboard,2974.3,13.85,41194.06,completed,2974.3,2825.59
TX-10372,2025-09-24,Steel,586.6,44.5,26103.7,completed,1055.88,557.27
TX-10373,2026-02-02,Aluminum,63.2,180.77,11424.66,completed,575.12,60.04
TX-10374,2026-01-10,Cardboard,1828.9,13.73,25110.8,completed,1828.9,1737.45
TX-10375,2026-05-15,Textile,1396.3,28.37,39613.03,completed,4468.16,1326.48
TX-10376,2025-08-26,Glass,2242.3,7.52,16862.1,completed,784.81,2130.18
TX-10377,2026-04-27,Glass,1173.4,7.94,9316.8,completed,410.69,1114.73
TX-10378,2026-03-20,Textile,452.3,30.45,13772.53,completed,1447.36,429.69
TX-10379,2025-08-28,Aluminum,1032.2,170.29,175773.34,completed,9393.02,980.59
TX-10380,2026-04-17,Paper,354.7,11.31,4011.66,completed,390.17,336.96
TX-10381,2025-11-29,Glass,2229.6,7.64,17034.14,completed,780.36,2118.12
TX-10382,2025-08-13,Copper,1297.3,651.06,844620.14,completed,5837.85,1232.43
TX-10383,2025-06-14,Cardboard,2368.6,15.49,36689.61,completed,2368.6,2250.17
TX-10384,2025-11-08,Aluminum,1726.9,176.48,304763.31,completed,15714.79,1640.56
TX-10385,2026-01-04,Plastic,2473.4,33.39,82586.83,completed,3710.1,2349.73
TX-10386,2025-09-10,Glass,2936.3,7.61,22345.24,completed,1027.7,2789.49
TX-10387,2025-09-24,Paper,463.7,12.02,5573.67,completed,510.07,440.51
TX-10388,2025-10-31,Plastic,2612.0,37.07,96826.84,completed,3918.0,2481.4
TX-10389,2026-01-31,Plastic,260.0,33.25,8645.0,completed,390.0,247.0
TX-10390,2025-09-06,Paper,2394.9,11.14,26679.19,completed,2634.39,2275.16
TX-10391,2026-03-01,Textile,780.0,30.86,24070.8,completed,2496.0,741.0
TX-10392,2025-10-02,Glass,2193.5,8.88,19478.28,completed,767.72,2083.82
TX-10393,2025-08-23,Steel,2974.6,40.01,119013.75,completed,5354.28,2825.87
TX-10394,2025-10-20,Textile,1780.1,27.34,48667.93,completed,5696.32,1691.09
TX-10395,2026-01-09,Aluminum,1343.0,188.14,252672.02,completed,12221.3,1275.85
TX-10396,2025-08-23,Paper,1543.5,12.55,19370.93,completed,1697.85,1466.32
TX-10397,2026-01-25,Aluminum,2948.9,192.13,566572.16,completed,26834.99,2801.45
TX-10398,2025-06-21,Copper,2208.6,693.31,1531244.47,completed,9938.7,2098.17
TX-10399,2025-10-27,Paper,1594.9,11.06,17639.59,completed,1754.39,1515.15
TX-10400,2025-08-05,Paper,359.1,12.81,4600.07,completed,395.01,341.14
TX-10401,2026-05-01,Other,108.3,14.64,1585.51,completed,86.64,102.88
TX-10402,2026-05-03,Aluminum,2908.4,191.63,557336.69,completed,26466.44,2762.98
TX-10403,2026-05-19,Plastic,260.6,38.08,9923.65,completed,390.9,247.57
TX-10404,2025-08-28,Other,2997.6,14.65,43914.84,completed,2398.08,2847.72
TX-10405,2026-06-01,Aluminum,2875.0,176.01,506028.75,completed,26162.5,2731.25
TX-10406,2025-08-06,Copper,266.5,657.59,175247.74,completed,1199.25,253.17
TX-10407,2026-05-17,Paper,2904.9,11.22,32592.98,completed,3195.39,2759.65
TX-10408,2025-06-05,Glass,690.2,7.94,5480.19,completed,241.57,655.69
TX-10409,2026-03-09,E-waste,983.7,119.69,117739.05,completed,5705.46,934.51
TX-10410,2026-01-14,Textile,2901.7,27.76,80551.19,completed,9285.44,2756.61
TX-10411,2025-10-14,Copper,1591.0,642.92,1022885.72,completed,7159.5,1511.45
TX-10412,2025-06-11,Textile,1722.1,26.43,45515.1,completed,5510.72,1635.99
TX-10413,2026-01-29,E-waste,202.7,114.15,23138.2,completed,1175.66,192.56
TX-10414,2026-03-04,Plastic,1195.4,32.93,39364.52,completed,1793.1,1135.63
TX-10415,2025-07-11,Copper,2726.3,654.48,1784308.82,completed,12268.35,2589.99
TX-10416,2025-07-20,E-waste,805.4,128.43,103437.52,completed,4671.32,765.13
TX-10417,2025-07-28,Paper,155.5,11.29,1755.59,completed,171.05,147.72
TX-10418,2025-06-06,Glass,1913.8,8.89,17013.68,completed,669.83,1818.11
TX-10419,2025-11-10,Steel,1075.9,39.66,42670.19,completed,1936.62,1022.11
TX-10420,2025-09-11,E-waste,1522.8,112.19,170842.93,completed,8832.24,1446.66
TX-10421,2025-08-14,E-waste,999.6,111.16,111115.54,completed,5797.68,949.62
TX-10422,2025-11-12,Paper,2450.4,12.83,31438.63,completed,2695.44,2327.88
TX-10423,2026-03-08,Aluminum,1576.8,191.49,301941.43,completed,14348.88,1497.96
TX-10424,2026-01-06,Other,2039.0,14.18,28913.02,completed,1631.2,1937.05
TX-10425,2025-09-29,Plastic,1252.2,32.89,41184.86,completed,1878.3,1189.59
TX-10426,2026-05-02,Other,1858.6,14.51,26968.29,completed,1486.88,1765.67
TX-10427,2025-07-21,Other,2834.6,15.92,45126.83,completed,2267.68,2692.87
TX-10428,2025-06-14,Aluminum,2443.4,187.6,458381.84,completed,22234.94,2321.23
TX-10429,2026-04-16,Steel,1382.4,44.58,61627.39,in_negotiation,2488.32,1313.28
TX-10430,2025-08-09,Other,2002.2,16.34,32715.95,completed,1601.76,1902.09
TX-10431,2026-02-22,Cardboard,1370.0,15.4,21098.0,completed,1370.0,1301.5
TX-10432,2026-05-30,Glass,1793.9,8.81,15804.26,completed,627.87,1704.2
TX-10433,2025-10-14,Glass,1926.0,7.84,15099.84,completed,674.1,1829.7
TX-10434,2025-08-16,Aluminum,1245.3,174.98,217902.59,completed,11332.23,1183.03
TX-10435,2026-02-28,Plastic,2813.7,35.23,99126.65,completed,4220.55,2673.01
TX-10436,2026-01-10,Textile,2688.0,28.83,77495.04,completed,8601.6,2553.6
TX-10437,2025-11-19,Aluminum,256.7,193.17,49586.74,completed,2335.97,243.86
TX-10438,2026-05-24,Steel,2640.0,39.89,105309.6,completed,4752.0,2508.0
TX-10439,2026-01-05,Aluminum,1503.5,183.52,275922.32,completed,13681.85,1428.33
TX-10440,2026-01-20,Textile,1403.4,26.13,36670.84,completed,4490.88,1333.23
TX-10441,2026-05-20,Cardboard,2677.8,13.58,36364.52,completed,2677.8,2543.91
TX-10442,2025-09-23,Other,1917.5,14.05,26940.88,completed,1534.0,1821.62
TX-10443,2025-09-06,Plastic,2240.1,32.88,73654.49,completed,3360.15,2128.09
TX-10444,2025-08-31,Other,211.5,14.34,3032.91,completed,169.2,200.92
TX-10445,2025-12-15,Textile,297.5,29.74,8847.65,completed,952.0,282.62
TX-10446,2025-07-13,Aluminum,1366.3,200.69,274202.75,completed,12433.33,1297.98
TX-10447,2025-07-30,Glass,2053.7,7.97,16367.99,completed,718.79,1951.01
TX-10448,2025-06-30,Textile,2650.8,28.91,76634.63,completed,8482.56,2518.26
TX-10449,2026-01-03,Other,2338.9,16.73,39129.8,completed,1871.12,2221.95
TX-10450,2026-03-11,Aluminum,849.1,189.84,161193.14,completed,7726.81,806.64
TX-10451,2025-09-01,Other,1992.0,15.81,31493.52,in_negotiation,1593.6,1892.4
TX-10452,2026-02-03,Textile,688.2,28.07,19317.77,completed,2202.24,653.79
TX-10453,2025-09-26,Textile,2669.6,26.92,71865.63,completed,8542.72,2536.12
TX-10454,2026-04-28,Other,2912.0,13.93,40564.16,completed,2329.6,2766.4
TX-10455,2026-04-26,Textile,2992.2,28.16,84260.35,completed,9575.04,2842.59
TX-10456,2025-11-29,Glass,108.4,8.39,909.48,completed,37.94,102.98
TX-10457,2025-06-25,Glass,2052.4,7.45,15290.38,completed,718.34,1949.78
TX-10458,2026-04-17,Textile,1884.6,27.78,52354.19,completed,6030.72,1790.37
TX-10459,2026-02-14,Other,2496.9,14.85,37078.97,pending,1997.52,2372.05
TX-10460,2026-01-07,Glass,2788.0,7.86,21913.68,completed,975.8,2648.6
TX-10461,2025-10-26,Other,2335.8,16.33,38143.61,completed,1868.64,2219.01
TX-10462,2025-07-04,Textile,1207.7,27.84,33622.37,completed,3864.64,1147.32
TX-10463,2026-04-22,Other,2267.2,15.55,35254.96,pending,1813.76,2153.84
TX-10464,2025-12-22,E-waste,322.0,113.22,36456.84,completed,1867.6,305.9
TX-10465,2025-11-06,Copper,1853.3,667.76,1237559.61,completed,8339.85,1760.63
TX-10466,2025-10-13,Cardboard,1849.2,13.54,25038.17,completed,1849.2,1756.74
TX-10467,2026-01-17,Copper,1355.2,671.25,909678.0,pending,6098.4,1287.44
TX-10468,2025-07-31,Copper,2312.1,654.61,1513523.78,completed,10404.45,2196.49
TX-10469,2026-05-21,Aluminum,2990.6,194.05,580325.93,completed,27214.46,2841.07
TX-10470,2025-11-21,E-waste,1943.0,115.18,223794.74,completed,11269.4,1845.85
TX-10471,2026-01-15,Glass,1095.5,8.86,9706.13,completed,383.42,1040.72
TX-10472,2026-04-14,Steel,1000.6,44.66,44686.8,completed,1801.08,950.57
TX-10473,2025-12-19,Cardboard,155.5,13.43,2088.36,completed,155.5,147.72
TX-10474,2026-01-04,Plastic,1512.3,36.09,54578.91,completed,2268.45,1436.68
TX-10475,2025-12-20,Glass,1442.3,7.95,11466.28,completed,504.8,1370.18
TX-10476,2025-07-09,Glass,2671.4,7.76,20730.06,completed,934.99,2537.83
TX-10477,2025-10-24,E-waste,645.7,132.82,85761.87,completed,3745.06,613.41
TX-10478,2025-07-24,Cardboard,553.8,14.16,7841.81,completed,553.8,526.11
TX-10479,2025-09-15,Aluminum,1503.1,168.8,253723.28,completed,13678.21,1427.94
TX-10480,2025-10-06,Aluminum,1920.3,194.48,373459.94,completed,17474.73,1824.28
TX-10481,2025-10-01,Steel,808.4,39.45,31891.38,completed,1455.12,767.98
TX-10482,2026-04-02,Aluminum,2071.8,166.49,344933.98,completed,18853.38,1968.21
TX-10483,2026-05-27,E-waste,1584.8,129.76,205643.65,completed,9191.84,1505.56
TX-10484,2025-12-22,Textile,298.9,25.86,7729.55,completed,956.48,283.95
TX-10485,2025-11-07,Paper,834.3,12.48,10412.06,completed,917.73,792.58
TX-10486,2025-10-26,Other,2247.3,15.92,35777.02,completed,1797.84,2134.93
TX-10487,2026-01-09,Copper,2877.9,616.37,1773851.22,completed,12950.55,2734.01
TX-10488,2026-05-20,E-waste,2528.2,121.05,306038.61,completed,14663.56,2401.79
TX-10489,2025-11-22,Aluminum,842.3,188.93,159135.74,completed,7664.93,800.18
TX-10490,2025-08-26,Aluminum,2186.3,166.3,363581.69,completed,19895.33,2076.99
TX-10491,2026-04-29,Cardboard,941.7,15.11,14229.09,completed,941.7,894.62
TX-10492,2026-03-27,Glass,469.2,7.51,3523.69,completed,164.22,445.74
TX-10493,2025-12-14,Glass,1645.7,8.65,14235.31,completed,576.0,1563.41
TX-10494,2026-03-22,Other,2698.1,16.35,44113.94,completed,2158.48,2563.19
TX-10495,2025-10-19,E-waste,1089.2,131.44,143164.45,pending,6317.36,1034.74
TX-10496,2025-06-22,Cardboard,569.9,14.4,8206.56,completed,569.9,541.4
TX-10497,2025-07-14,Textile,2365.4,27.46,64953.88,completed,7569.28,2247.13
TX-10498,2026-05-09,Plastic,2043.8,35.29,72125.7,completed,3065.7,1941.61
TX-10499,2026-04-14,Aluminum,2909.0,167.83,488217.47,completed,26471.9,2763.55
